<?xml version="1.0" encoding="UTF-8"?>
<!DOCTYPE hibernate-configuration PUBLIC  
    "-//Hibernate/Hibernate Configuration DTD 3.0//EN"  
    "https://hibernate.org/dtd/hibernate-configuration-3.0.dtd">

<hibernate-configuration>
    <session-factory>
        <!-- Database Connection Settings -->
        <property name="hibernate.connection.driver_class">com.mysql.cj.jdbc.Driver</property>
        <property name="hibernate.connection.url">jdbc:mysql://localhost:3306/pblj?useSSL=false</property>
        <property name="hibernate.connection.username">root</property>
        <property name="hibernate.connection.password">1234</property>

        <!-- Hibernate Settings -->
        <property name="hibernate.dialect">org.hibernate.dialect.MySQL8Dialect</property>
        <property name="hibernate.show_sql">true</property>
        <property name="hibernate.hbm2ddl.auto">update</property>

        <!-- ✅ Add your entity mapping here -->
        <mapping class="com.example.hibernate.model.Student"/>
    </session-factory>
</hibernate-configuration>
